Status,percentage_expenditure,Measles,under-five_deaths,Polio,Diphtheria,GDP,Schooling,Adult_Mortality
Developing,71.27962362,1154,83,6,65,584.25921,10.1,263
Developing,73.52358168,492,86,58,62,612.696514,10,271
Developing,73.21924272,430,89,62,64,631.744976,9.9,268
Developing,78.1842153,2787,93,67,67,669.959,9.8,272
Developing,7.097108703,3013,97,68,68,63.537231,9.5,275
Developing,364.9752287,0,0,99,99,3954.22783,14.2,74
Developing,428.7490668,0,1,98,98,4575.763787,14.2,8
Developing,430.8769785,0,1,99,99,4414.72314,14.2,84
Developing,412.4433563,9,1,99,99,4247.61438,14.2,86
Developing,437.0621,28,1,99,99,4437.17868,13.3,88
Developing,0,63,24,95,95,4132.76292,14.4,19
Developing,54.2373183,0,24,95,95,547.8517,14.4,11
Developing,544.4507432,25,24,95,95,5471.866766,14.4,112
Developing,555.9260834,18,24,95,95,5564.82566,14.4,113
Developing,509.0020405,112,24,95,95,5432.2523,14,116
Developing,0,118,98,7,64,3695.793748,11.4,335
Developing,23.965612,11699,101,68,64,479.31224,11.4,348
Developing,35.95857279,8523,105,67,77,484.616884,11.4,355
Developing,256.1225243,4458,110,75,75,4598.249988,10.3,358
Developing,239.8913921,1449,115,73,71,4299.12889,9.4,361
Developing,0,0,0,86,99,13566.9541,13.9,13
Developing,2422.999774,0,0,96,99,12888.29667,13.9,131
Developing,1991.430372,0,0,98,99,12224.86416,13.9,133
Developing,2156.229842,0,0,97,98,12565.44197,13.8,134
Developing,1810.875316,0,0,99,99,11929.34991,14.1,136
Developing,0,0,9,93,94,13467.1236,17.3,116
Developing,847.3717463,1,9,92,94,12245.25645,17.3,118
Developing,1001.796332,0,10,99,94,12976.63642,17.3,119
Developing,1133.558003,2,10,99,91,12969.7712,17.2,12
Developing,1504.329462,3,10,93,91,12726.9836,17.1,12
Developing,0,33,1,96,94,369.654776,12.7,118
Developing,295.6087143,13,1,95,93,3994.712355,12.7,12
Developing,279.4290812,10,1,96,95,3843.591213,12.7,123
Developing,274.1526986,0,1,96,95,3684.8481,12.7,121
Developing,260.9963826,0,1,96,95,3526.978143,12.7,128
Developed,0,74,1,93,93,56554.3876,20.4,59
Developed,10769.36305,340,1,92,92,62214.6912,20.4,6
Developed,11734.85381,158,1,91,91,67792.3386,20.3,61
Developed,11714.99858,199,1,92,92,67677.63477,20.1,61
Developed,10986.26527,190,1,92,92,62245.129,19.8,63
Developed,0,309,0,93,93,43665.947,15.9,65
Developed,8350.193523,117,0,98,98,51322.63997,15.9,66
Developed,90.58501176,0,0,95,95,554.71532,15.7,68
Developed,7878.372355,36,0,92,92,48333.57273,15.7,7
Developed,8272.306757,68,0,89,89,51126.74139,15.7,73
Developing,0,0,6,98,96,55.31382,12.7,118
Developing,306.1824313,0,6,97,94,7891.299776,12.2,119
Developing,275.6514934,164,6,96,93,7875.756953,11.9,121
Developing,285.6103912,0,6,92,89,7496.335728,11.8,123
Developing,263.142699,0,6,91,87,7189.691229,11.7,125
Developing,0,0,0,98,98,22688.87824,14.5,69
Developing,367.2556742,46,0,98,98,24983.3792,14.5,7
Developing,3.968695982,0,0,99,99,251.18329,14.5,7
Developing,2211.215778,0,0,99,99,23649.36661,14.5,71
Developing,197.7734681,0,0,99,99,2281.1242,14.4,76
Developing,0,240,113,97,97,121.15812,10.2,129
Developing,10.44640334,289,121,97,97,184.56543,10,132
Developing,52.82986467,237,130,96,96,951.8894535,10,135
Developing,59.2589257,1986,139,94,94,856.342857,9.9,137
Developing,62.34988484,5625,150,96,96,835.789341,9.4,14
Developing,0,0,0,97,97,15557.8381,15.3,98
Developing,294.9056584,0,0,95,94,15359.66971,15.3,1
Developing,263.0372838,0,0,91,91,15472.7814,15.3,11
Developing,260.0043858,0,0,88,87,15384.8749,15.3,12
Developing,173.9825629,0,0,91,91,15534.1574,15.5,14
Developing,0,2,0,99,99,5949.11677,15.6,196
Developing,1147.1114,64,0,97,97,8318.429294,15.7,199
Developing,1109.854619,16,1,98,98,7978.825443,15.7,23
Developing,91.70962117,10,1,98,98,694.243915,15.6,194
Developing,846.9113071,50,1,98,98,6519.71753,15.5,232
Developed,0,47,1,99,99,4356.875,16.6,74
Developed,7163.348923,70,1,99,99,47439.39684,16.3,76
Developed,702.359357,39,1,99,99,4651.38647,16.3,77
Developed,664.4738975,109,1,99,99,4474.5717,16.2,78
Developed,713.5297354,576,1,98,98,4772.77415,16.1,8
Developing,0,0,0,94,94,4849.997495,12.8,175
Developing,670.0920883,0,0,95,95,4852.223666,12.8,177
Developing,629.2018591,0,0,95,95,4688.538443,12.9,18
Developing,582.8027185,0,0,98,98,4673.63848,12.5,189
Developing,605.6286892,0,0,95,95,4516.24675,12.4,188
Developing,0,55,39,78,82,783.94791,10.7,249
Developing,90.12206791,786,39,74,78,943.686575,10.7,252
Developing,87.4080423,637,39,73,77,915.2674586,10.3,251
Developing,9.80407467,288,39,8,8,837.9551,10,251
Developing,110.2633619,426,39,77,75,825.9427854,9.8,251
Developing,0,11,0,98,99,2613.645177,12.5,211
Developing,209.3921344,0,1,98,99,2522.7968,12.5,216
Developing,19.79057439,0,1,97,97,235.882889,12.6,219
Developing,188.7373664,1,1,97,97,2422.816,12.3,223
Developing,289.8524057,10,1,95,95,2458.45976,11.9,225
Developing,0,1677,0,74,82,4574.9787,14.2,88
Developing,75.61062911,0,0,87,89,535.86555,14.2,9
Developing,693.8226461,22,0,87,92,4716.673325,13.9,92
Developing,7.959131146,10,0,89,88,55.156834,13.4,92
Developing,0,0,2,96,95,6532.651,12.6,256
Developing,662.802194,1,2,96,95,7497.762376,12.6,268
Developing,1.117811275,1,2,96,95,77.625783,12.6,286
Developing,12.83447357,7,3,96,95,729.231453,12.5,3
Developing,668.9562854,8,3,96,95,7645.21469,12.4,325
Developing,0,214,47,98,96,8757.2622,15.2,142
Developing,83.16465362,876,49,96,93,1226.61731,15.2,144
Developing,916.270845,220,52,96,97,12216.9446,14.2,146
Developing,843.1946259,2,54,96,95,12291.46685,14.2,148
Developing,1084.999766,43,57,98,99,13167.47289,14,152
Developing,0,4,0,99,99,3967.8951,14.9,78
Developing,269.1432784,1,0,99,99,4159.8652,15,8
Developing,2845.306444,0,0,99,99,44597.27968,14.9,84
Developing,3192.634413,1,0,99,99,47651.2599,14.4,79
Developing,295.7730171,4,0,99,97,4717.273,14.1,79
Developed,0,0,1,91,91,6993.47736,15,137
Developed,153.1400362,0,1,88,88,7853.335191,14.8,138
Developed,149.659879,14,1,95,95,7674.86559,14.4,14
Developed,851.450672,1,1,95,95,7378.25539,14.3,139
Developed,875.1495189,157,1,95,95,7813.83499,14.2,144
Developing,0,99,61,91,91,615.592225,7.7,26
Developing,8.386339501,343,63,91,91,75.1464113,7.7,268
Developing,88.97040214,375,66,89,88,699.452847,7.5,27
Developing,78.76987363,7362,68,9,9,673.8227,7.2,271
Developing,85.55592906,860,71,9,91,666.842783,6.7,275
Developing,0,9,31,94,94,33.681223,10.6,288
Developing,41.25159038,0,32,95,95,312.7489794,10.6,297
Developing,40.15128458,0,32,96,96,282.7555252,10.5,33
Developing,38.73170505,49,33,96,96,265.285651,10.3,312
Developing,3.595980333,129,33,95,96,26.479973,9.9,321
Developing,0,0,0,93,93,2954.119467,13.5,114
Developing,414.0242418,0,0,95,95,3529.61843,13.5,117
Developing,325.6298627,0,0,93,93,3558.796314,13.6,12
Developing,33.55888998,0,0,94,94,348.482762,13.2,121
Developing,4.409153436,0,0,9,9,367.429453,13.1,122
Developing,0,0,12,87,89,1163.18977,10.9,174
Developing,12.17952064,0,12,87,88,198.687123,10.9,179
Developing,8.758214538,0,13,66,83,128.419568,10.8,183
Developing,6.914723983,15,14,84,86,95.244132,10.7,186
Developing,60.18591771,722,15,87,88,882.491462,10.7,19
Developing,0,1809,68,83,84,1244.429421,10.4,357
Developing,61.39263642,831,71,86,87,1441.1417,10.4,366
Developing,63.07890158,760,73,88,89,1365.34419,10.4,364
Developing,68.55839112,609,76,85,85,1255.648189,10.4,369
Developing,83.18071241,504,79,8,82,1295.649726,10,371
Developing,0,195,2,91,91,43315.744,16.3,64
Developing,102.1902168,418,2,91,91,544.43376,15.9,65
Developing,9733.228019,83,2,91,91,52413.72116,15.9,67
Developing,9748.636237,10,2,99,95,52496.69487,15.9,68
Developing,971.9280384,803,2,87,87,5282.2176,15.9,68
Developing,0,150,21,47,47,348.381417,7.1,397
Developing,53.43964323,210,22,47,47,377.132274,7.1,437
Developing,52.37766601,596,23,23,23,337.4849614,7.1,451
Developing,7.344808214,141,23,47,47,486.41114,7.1,439
Developing,58.52947463,679,24,47,47,494.336779,6.8,443
Developing,0,418,77,52,46,777.248751,7.3,356
Developing,11.3020668,1275,78,44,37,125.998515,7.3,362
Developing,76.52382535,226,78,46,39,986.13177,7.3,366
Developing,57.8242709,120,79,51,4,973.472574,7.3,367
Developing,67.76269089,8650,79,4,33,989.2363633,6.7,365
Developing,0,9,2,96,96,13653.2264,16.3,82
Developing,2352.999591,0,2,95,95,14817.37778,16.2,83
Developing,2442.222054,0,2,9,91,15941.39722,15.6,84
Developing,2260.777642,0,2,9,9,15431.9293,15.5,84
Developing,211.614293,6,2,93,94,1475.69242,15.4,86
Developing,0,42361,183,99,99,869.211938,13.5,85
Developing,109.8743903,52628,198,99,99,7683.5238,13.1,86
Developing,9.955532032,26883,216,99,99,777.77594,12.7,88
Developing,94.4344566,6183,233,99,99,6337.882993,12.4,89
Developing,91.26749779,9943,251,99,99,5633.79616,12.8,91
Developing,0,1,12,91,91,644.525556,13.6,143
Developing,1435.487755,0,12,9,9,7913.383432,13.6,144
Developing,15.16255482,1,13,91,91,83.5863,13.3,145
Developing,1487.896562,1,13,91,91,7884.984429,13.2,143
Developing,184.3073618,6,14,85,85,7227.73968,13,144
Developing,0,0,2,92,91,727.6463868,11.1,227
Developing,73.86584922,0,2,87,87,852.954379,11.1,23
Developing,61.57443584,0,2,85,87,834.341949,10.9,233
Developing,78.39008571,1,2,85,86,788.632653,10.8,237
Developing,59.6596497,3,2,85,83,829.7586885,10.6,241
Developing,0,0,1,92,92,1146.36273,14.2,95
Developing,384.5129138,1,1,91,91,1647.44179,13.9,96
Developing,386.1379123,0,1,95,95,1569.66631,13.7,96
Developing,2568.237059,0,1,9,91,9985.36959,13.6,97
Developing,2429.854745,0,1,82,85,9186.59639,13.4,98
Developed,0,206,0,94,94,11579.6674,15.3,95
Developed,1884.098811,0,0,95,95,13467.46827,15.1,97
Developed,1899.107385,0,0,96,96,13574.749,14.9,97
Developed,1851.713262,2,0,96,96,13235.97757,14.6,14
Developed,1913.356642,12,0,96,96,14539.18421,14.5,14
Developing,0,0,1,99,99,762.261218,13.9,92
Developing,13.6691019,0,1,99,99,75.5199,14,93
Developing,95.67571176,0,1,99,99,676.15344,14.7,96
Developing,742.1961992,0,1,98,99,6425.941119,15.7,96
Developing,102.0645784,0,1,99,97,675.92436,16.5,92
Developed,0,0,0,97,97,2375.1127,14.3,52
Developed,207.3041936,10,0,99,99,2734.88382,14,53
Developed,212.0859259,0,0,99,99,2797.96736,13.8,54
Developed,2443.325028,0,0,99,99,32233.83942,13.8,57
Developed,0,9,0,93,93,5314.64416,19.2,71
Developed,10468.76292,27,0,94,94,62425.5392,19.2,73
Developed,10261.763,17,0,94,94,61191.19263,18.7,75
Developed,928.4170785,2,0,94,94,5857.521,18.4,76
Developed,10251.10872,84,0,91,91,61753.667,16.9,79
Developing,0,47,1,84,84,1862.167274,6.3,241
Developing,24.73299655,0,1,78,78,174.91511,6.3,252
Developing,229.4410095,28,2,82,82,1622.637974,6.3,256
Developing,217.2125786,709,2,81,81,1536.15685,6.3,263
Developing,20.35974738,49,2,87,87,143.986898,5.9,268
Developing,0,0,7,87,85,6468.471648,13.2,152
Developing,1088.244952,0,7,9,91,6268.692122,13.2,154
Developing,97.52211538,0,7,82,83,627.55544,13.2,157
Developing,857.1307037,0,7,85,85,5968.876767,13.1,174
Developing,843.7876995,2,7,84,84,5759.643,13,16
Developing,0,0,7,84,78,625.62224,14,118
Developing,79.11626341,0,7,84,83,6432.216537,14,121
Developing,59.12850204,0,8,87,87,674.9829,13.4,121
Developing,41.88087712,72,8,85,87,572.14313,13.3,127
Developing,344.7412164,257,8,85,88,5223.351763,13.2,131
Developing,0,0,2,92,91,4127.11775,13.2,178
Developing,665.7260253,0,2,93,94,3988.771871,13.2,181
Developing,653.6925016,0,2,92,92,3895.664491,13.2,184
Developing,591.7757569,0,2,93,92,3827.786267,13.2,181
Developing,549.2783081,0,2,9,89,3736.58713,13,197
Developing,0,1250,4,17,16,1347.31257,9.2,32
Developing,13.40477417,13,4,24,2,192.59733,9.2,32
Developing,156.3907685,321,4,3,3,2246.9938,9.2,327
Developing,1493.051277,0,4,39,41,21451.88617,9.2,344
Developing,20.97991915,48,8,96,96,582.775532,5,286
Developing,0,4,0,93,93,1774.9291,16.5,119
Developing,2700.07305,0,0,93,93,19941.45532,16.5,122
Developing,261.2914808,2,0,94,94,1929.7746,16.5,127
Developing,2263.103797,4,0,94,94,17421.8922,16.5,135
Developing,2146.945741,7,0,93,93,17454.84342,16.4,138
Developing,0,17745,194,75,77,645.4637627,8.4,225
Developing,89.95805845,12739,202,75,77,571.1622759,8.4,234
Developing,8.313282039,5253,211,7,72,52.1535887,8.4,237
Developing,86.82551124,4347,221,7,69,468.567249,8.4,241
Developing,67.77565369,3255,231,7,65,354.8463544,8.2,249
Developing,0,0,0,99,99,4921.89629,15.3,188
Developing,50.539484,0,0,99,99,546.3728,15.2,19
Developing,460.6487805,0,0,99,99,4763.68956,15,192
Developing,431.4854874,0,0,99,99,4546.73854,14.9,195
Developing,401.7931045,0,0,99,99,4353.121392,14.7,197
Developing,0,2,0,97,97,4245.39744,17,76
Developing,6164.455402,0,0,98,98,49914.61864,17,78
Developing,6115.496624,2,0,98,98,49638.7713,17,79
Developing,5889.012536,0,0,99,99,47415.55987,17,82
Developing,71.01620838,27,0,99,99,579.72415,16.9,86
Developing,0,157,3,98,98,36526.7711,16.3,78
Developing,6739.677606,267,3,98,98,42955.24287,16.2,79
Developing,6646.953935,272,3,99,99,42554.1225,16.2,81
Developing,751.3793553,0,3,99,99,4838.2444,16.1,83
Developing,683.9190568,14949,3,99,99,4381.288,16.1,83
Developing,0,27,3,79,8,7388.984144,12.6,229
Developing,715.2816939,33,3,68,7,9692.163874,12.6,237
Developing,154.8758879,122,3,77,79,9679.742995,12.5,255
Developing,805.3925284,2,3,8,82,9774.18117,12.5,276
Developing,133.5223672,2,3,75,75,1716.2258,12.5,289
Developing,0,431,1,91,94,3764.64912,13.9,129
Developing,221.482875,3188,1,91,91,4429.6575,13.5,125
Developing,180.3787034,7872,1,94,93,4274.376857,13.5,128
Developing,158.2576025,31,1,93,92,4142.869175,13.4,13
Developing,198.94876,64,1,88,94,3725.63221,13.3,127
Developed,0,2464,3,94,95,41176.88158,17.1,68
Developed,895.8779503,1771,3,94,95,4653.91143,16.9,71
Developed,839.91332,166,3,94,95,4465.24891,16.9,71
Developed,869.790735,1607,3,94,95,4681.32796,16.8,74
Developing,0,23,52,88,88,1361.11395,11.4,249
Developing,97.67794571,124,54,93,98,1432.227943,11.7,253
Developing,28.66897829,319,55,91,9,1814.492297,11.5,254
Developing,151.899429,1613,56,91,92,1629.8222,11.2,257
Developing,225.2219474,120,58,91,91,1574.978653,10.9,263
Developing,0,1,0,99,99,187.78991,17.2,72
Developing,2163.043414,1,0,99,99,21673.7817,17.2,73
Developing,2183.106986,3,0,99,99,21874.8195,17.1,74
Developing,2528.992935,3,0,99,99,22242.68193,16.8,76
Developing,3192.887363,40,0,99,99,25916.29353,16.7,76
Developing,0,0,0,99,92,9212.192824,15.8,142
Developing,789.2764615,0,0,81,97,8569.776998,15.8,143
Developing,780.4459281,0,0,98,97,7955.615985,15.8,144
Developing,865.9999782,0,0,98,97,7583.1872,15.8,146
Developing,11.56715633,0,0,95,95,741.48438,15.8,15
Developing,0,0,12,9,74,3923.573344,10.7,186
Developing,657.5282797,0,13,65,73,3687.763767,10.7,187
Developing,582.1469583,0,13,84,85,3452.828934,10.7,189
Developing,484.7187892,0,13,94,96,3299.65139,10.6,189
Developing,457.7745845,0,14,88,88,3187.845296,10.5,193
Developing,0,243,40,42,54,554.48766,8.8,284
Developing,50.57976483,175,41,42,51,561.997387,8.6,299
Developing,5.140668848,53,41,63,63,54.169324,8.5,284
Developing,4.344930862,6,42,63,62,52.3485646,8.5,288
Developing,42.2547904,11,43,63,63,459.2912,8.4,29
Developing,0,153,6,87,87,596.8717189,9.2,275
Developing,50.06053544,1,6,87,87,642.6256154,9.2,282
Developing,8.20063742,0,6,87,87,61.566347,9.1,279
Developing,0.948526366,0,6,87,87,67.7518833,9.1,285
Developing,40.45367358,0,7,85,86,692.69989,9,289
Developing,0,0,1,92,95,4136.689919,10.3,215
Developing,4.141293345,0,1,97,98,43.82321,10.3,217
Developing,345.9044258,0,1,98,98,3944.178173,10.3,218
Developing,497.4719464,0,1,97,97,3785.935665,10.6,22
Developing,536.2332523,0,1,93,93,3439.597513,10.3,229
Developing,0,0,18,56,6,814.5463952,9.1,24
Developing,5.103249438,0,19,55,48,83.1148117,9.1,245
Developing,4.989712322,0,19,67,68,81.265673,9.1,253
Developing,26.37942542,0,20,67,67,766.8437623,8.9,259
Developing,4.106484317,0,20,67,68,74.9358452,8.7,259
Developing,0,0,4,97,97,2326.15856,11.2,147
Developing,345.3776344,0,4,97,97,2242.711912,11.4,149
Developing,311.7553193,0,4,97,97,2136.77395,11.6,15
Developing,363.5721644,0,4,97,97,2178.38325,11.6,151
Developing,32.16407994,0,5,97,97,212.584798,11.7,153
Developed,0,0,0,99,99,12365.6263,15.6,134
Developed,160.9449342,0,0,99,99,14117.97668,15.8,137
Developed,155.1952076,1,1,99,99,13613.6147,15.4,139
Developed,164.2793407,2,1,99,99,12834.32349,15.4,146
Developed,17.82121883,5,1,99,99,1448.87958,15.4,15
Developed,0,0,0,92,92,5734.4436,19,49
Developed,8254.020763,0,0,9,9,52473.11356,19,49
Developed,764.5440691,0,0,91,91,4781.3888,19,5
Developed,6818.546407,0,0,89,89,44333.8518,18.7,5
Developed,7.0480925,0,0,95,95,46.217,18.6,51
Developing,0,90387,1100,86,87,1613.18878,11.6,181
Developing,86.52153895,79563,1200,84,85,1573.11889,11.6,184
Developing,67.67230438,13822,1300,82,83,1452.195373,11.5,187
Developing,64.96964491,18668,1400,79,82,1446.98541,11.3,19
Developing,64.6059005,33634,1500,79,82,1461.671957,10.8,193
Developing,0,15099,136,8,78,3336.16686,12.9,176
Developing,200.0684443,12943,142,8,78,3491.595887,12.9,179
Developing,22.8478308,8419,148,86,85,362.663981,12.9,181
Developing,254.4688257,15489,154,84,83,3687.953996,12.6,183
Developing,211.8783404,21893,161,81,81,3634.27685,12.3,185
Developing,0,1433,38,63,58,4974.2693,10.1,182
Developing,43.5240801,1317,39,67,64,673.74737,10.1,199
Developing,447.3695001,669,39,7,68,6925.22446,10.3,17
Developing,429.6625083,15,39,7,69,6651.12242,10.5,147
Developing,285.119726,15,39,8,79,5854.614497,10.4,144
Developed,0,4,0,95,95,6664.144,18.6,64
Developed,746.3670453,33,0,96,96,5553.32623,18.6,66
Developed,703.5527332,51,0,96,96,5234.76736,18.6,67
Developed,6616.695125,107,0,95,95,49231.36254,18.5,69
Developed,6386.95437,285,0,95,95,52567.52568,18.5,7
Developing,0,80,1,95,95,35729.37253,16,58
Developing,4348.33531,6,1,95,95,37582.84624,16,6
Developing,4279.895512,50,1,96,96,36393.66932,15.9,61
Developing,3830.184587,211,1,94,94,32569.59683,15.9,6
Developing,3793.161624,70,1,94,94,33657.15727,15.8,61
Developed,0,159,2,93,93,349.14755,16.3,56
Developed,4831.644796,0,2,95,95,35396.66517,16.3,57
Developed,483.1916844,0,2,96,96,3537.27441,16.5,58
Developed,4793.904924,376,2,96,97,34814.12436,16.6,6
Developed,5439.691769,5189,2,96,96,38334.68477,16.4,6
Developing,0,0,1,91,91,4965.989857,12.8,125
Developing,427.3054534,0,1,93,92,4855.743789,12.8,133
Developing,5.457289334,0,1,86,93,56.144952,12.8,136
Developing,37.17108782,0,1,96,96,521.33363,12.8,138
Developing,33.17529686,1,1,93,92,513.549487,12.8,139
Developed,0,35,3,99,96,34474.13736,15.3,55
Developed,88.83362243,462,3,99,96,3896.21151,15.3,57
Developed,94.43428615,229,3,99,96,4454.44746,15.3,56
Developed,121.5869163,228,3,99,97,4863.47665,15.3,58
Developed,9498.729062,434,4,96,97,48167.99727,15.1,64
Developing,0,0,4,99,99,496.99275,13.1,112
Developing,63.8784522,20,4,98,98,466.94775,13.1,113
Developing,546.6235156,120,4,98,98,3992.86717,13.1,114
Developing,67.70171064,3,4,98,98,387.753211,12.9,115
Developing,68.86623298,0,4,98,98,387.324145,13.1,116
Developing,0,526,5,98,98,159.9817,15,198
Developing,24.44473709,321,5,95,95,1286.56511,15,22
Developing,26.4072659,73,6,98,98,1389.8561,15,28
Developing,235.3566066,55,7,98,99,12387.18982,14.7,214
Developing,179.170133,127,7,99,99,11634.42422,14.4,224
Developing,0,95,75,83,89,1349.97144,11.1,249
Developing,170.9626624,354,79,93,92,1335.6458,11.1,255
Developing,165.9304977,190,81,94,87,1229.114798,11.1,258
Developing,154.2269697,0,84,94,94,1155.2582,11.1,263
Developing,109.7051836,2395,86,97,96,987.4453967,11.1,278
Developing,0,0,0,8,78,1424.483611,11.9,198
Developing,97.87193319,0,0,79,75,1684.54274,11.9,2
Developing,137.2591943,0,0,91,95,1724.361737,11.9,22
Developing,147.4549755,0,0,92,94,1763.815497,11.9,24
Developing,30.46703899,0,0,95,99,1692.613277,11.9,26
Developing,0,18,1,99,99,28975.418,13.3,81
Developing,2480.896965,55,1,94,95,42996.4812,13,82
Developing,2792.677582,62,1,99,99,48399.9581,13.1,83
Developing,2957.973963,27,1,98,98,51264.7134,13.2,84
Developing,2785.097712,32,1,99,99,48268.5912,13.4,85
Developed,0,0,0,95,95,13666.58336,16,153
Developed,1542.635979,36,0,92,92,15725.1374,16,156
Developed,150.3116884,0,0,94,94,1532.22924,15.4,161
Developed,1356.022164,3,0,91,91,13822.8559,15.5,163
Developed,24.70841046,1,0,92,92,1372.68947,15.8,169
Developing,0,39,1,75,81,846.632851,13.3,98
Developing,140.3771361,112,1,75,81,8161.4614,13.3,99
Developing,14.55610463,1761,1,75,81,846.285153,13.3,97
Developing,151.1526829,9,1,75,81,8787.94668,13.3,93
Developing,835.0626827,9,1,75,81,8734.9653,13.2,93
Developing,0,0,6,9,93,173.82893,10.7,484
Developing,162.1278115,0,6,9,93,1174.839214,10.8,522
Developing,153.3443147,516,6,9,93,1196.1335,11.1,518
Developing,168.1348992,179,6,93,95,1281.516,11,513
Developing,195.825251,172,6,95,96,1352.38433,11,52
Developing,0,1060,11,52,52,452.38717,9.9,259
Developing,54.37396957,34,11,49,5,458.4651734,9.9,329
Developing,45.04892458,0,11,75,76,454.1222236,9.8,258
Developing,48.09891474,43,12,8,8,415.361958,9.6,261
Developing,60.44658161,279,12,77,77,379.689583,9.5,266
Developing,36.11567366,0,2,98,98,562.549434,14,161
Developed,0,50,0,93,93,14252.42853,16.5,165
Developed,2211.744178,11,0,93,93,16554.97139,16.5,169
Developed,1968.816817,35,0,93,93,15712.82376,16.4,178
Developed,1807.071336,0,0,93,93,14341.836,16.5,176
Developed,1758.822757,7,0,92,92,14357.73679,16.7,18
Developed,0,0,0,99,99,1199.8223,13.9,63
Developed,16255.16198,0,0,99,99,119172.7418,13.9,65
Developed,15515.75234,0,0,99,99,113751.85,13.9,68
Developed,2284.58215,2,0,99,99,16749.136,13.9,7
Developed,17028.52798,6,0,96,99,115761.577,13.9,72
Developing,0,3,38,71,69,41.8575951,10.3,22
Developing,5.339065673,3,39,73,73,452.4631926,10.3,225
Developing,79.50882493,6,40,73,74,461.723722,10.3,23
Developing,59.97914461,2,42,71,7,443.9611,10.2,235
Developing,78.79967196,0,43,73,73,454.963464,10.2,241
Developing,0,0,38,88,88,362.6575444,10.8,365
Developing,59.48744893,3,40,87,91,354.7253961,10.7,377
Developing,55.83107625,1,42,89,89,332.922339,10.7,394
Developing,82.76865922,11,46,95,96,374.51882,10.7,42
Developing,13.77617463,26,50,97,97,512.125451,10.6,441
Developing,0,1318,4,99,99,9643.644683,13.1,123
Developing,721.3655432,221,4,97,97,11183.96191,13,126
Developing,110.6779711,195,4,97,97,1882.27842,12.9,128
Developing,101.609245,1868,4,97,97,1779.49641,12.9,129
Developing,9.23002632,1569,4,96,96,145.1262,13,13
Developing,0,0,0,99,99,8395.785198,12.7,61
Developing,2051.748615,0,0,99,99,7716.2415,12.7,62
Developing,1626.591186,0,0,99,99,7112.33575,12.4,64
Developing,1259.940376,0,0,99,99,6541.7465,12.1,65
Developing,1079.893546,0,0,96,96,6497.55443,11.8,67
Developing,0,215,84,66,64,729.725338,8.4,266
Developing,46.56231672,290,85,74,73,825.5729915,8.2,272
Developing,36.86104319,221,86,7,69,777.659139,8,275
Developing,96.5465827,341,88,72,66,777.3476868,7.7,27
Developing,101.8113996,24,90,72,66,835.88998,7.5,271
Developed,0,2,0,97,97,23819.4636,14.6,54
Developed,409.6000248,0,0,99,99,2618.92599,14.3,55
Developed,374.2947283,0,0,99,99,2393.1888,14.2,57
Developed,343.123395,0,0,99,99,2193.8836,14.1,58
Developing,0,1,12,67,73,1158.256469,8.5,25
Developing,80.92679802,14,12,84,84,1326.66882,8.5,26
Developing,8.88028118,62,12,8,8,145.57838,8.2,28
Developing,62.48419552,35,12,8,8,1364.283745,7.8,29
Developing,79.27658464,234,12,73,75,1393.261593,7.7,212
Developing,0,0,0,98,97,9252.11724,15.2,146
Developing,115.2784282,0,0,98,97,1153.93822,14.7,148
Developing,917.467628,0,0,98,98,9637.265,14.7,147
Developing,915.1859205,0,0,98,98,9291.227619,14.3,154
Developing,918.807245,2,0,98,98,9197.26972,14.1,158
Developing,0,0,35,87,87,9143.128494,13.3,122
Developing,168.173753,3,36,87,87,1452.27766,13.1,122
Developing,150.408875,0,37,83,83,1298.86766,12.9,12
Developing,112.696486,0,38,99,99,982.532572,12.7,123
Developing,1117.196097,3,39,97,97,9834.472689,12.6,124
Developing,0,20359,1,99,99,3944.1839,14.8,222
Developing,281.0023992,0,1,99,99,4181.583321,14.8,225
Developing,241.1958645,0,1,98,98,4385.379355,14.7,227
Developing,253.8285861,0,2,99,99,4368.82248,14.7,231
Developing,257.8403154,0,2,99,99,3769.595255,14.6,235
Developing,0,0,0,89,89,6461.192554,15.1,16
Developing,726.0291764,0,0,91,91,7378.345289,15.1,17
Developing,707.144691,0,0,94,94,7186.429787,15.1,19
Developing,648.1331781,0,0,94,94,6586.71929,15.1,11
Developing,666.7374371,5,0,95,95,7318.742449,15.1,113
Developing,0,17,20,99,99,2847.285569,12.1,95
Developing,198.7343495,10,21,99,99,3154.513484,12.1,96
Developing,179.8598949,92,21,99,99,3111.762887,12.1,97
Developing,19.15853732,668,22,99,99,294.746728,11.6,99
Developing,0,79,81,8,8,528.3125597,9.1,355
Developing,54.91159475,9,84,79,79,623.2871141,9.1,375
Developing,5.813338496,8,87,78,78,65.985681,9.1,46
Developing,49.90987221,145,90,73,76,566.513873,9.2,48
Developing,40.80617976,177,94,73,76,526.5313517,9.5,47
Developing,0,6,50,89,89,1194.59137,9.1,199
Developing,45.33788677,122,52,88,88,1262.893782,9.1,21
Developing,38.33793462,1010,55,76,75,1168.83947,9.1,22
Developing,38.4279083,2175,58,87,84,1171.58257,9.1,25
Developing,21.23698847,2046,61,9,84,1186.423937,9.1,27
Developing,0,212,3,92,92,4737.66996,11.7,248
Developing,751.3982719,477,3,88,88,5421.343953,11.7,242
Developing,760.6550553,1028,3,89,89,5488.131712,11.6,232
Developing,796.8734263,86,4,84,84,5749.44752,11.5,232
Developing,7.896234931,79,4,85,82,56.971392,11.5,268
Developing,0,1599,21,9,91,743.7653489,12.2,165
Developing,8.523486403,1279,22,92,92,76.2386977,12.4,158
Developing,80.15505125,1861,24,92,92,688.6172788,12.3,162
Developing,80.58788376,3362,25,9,9,681.7925868,12.3,167
Developing,112.1229028,2359,27,92,92,692.1166842,12,172
Developed,0,7,1,95,95,44292.88473,18.1,57
Developed,1491.703605,140,1,96,96,52157.4687,18.1,58
Developed,1475.030397,2632,1,97,97,51574.48942,18.1,6
Developed,1162.656768,10,1,97,97,49474.7561,18.1,62
Developed,1047.370244,51,1,97,97,5354.6536,17.2,63
Developed,0,10,0,92,92,3821.8937,19.2,66
Developed,1040.278436,280,0,93,93,4453.24673,19.2,67
Developed,10019.0763,8,0,92,92,42889.88141,19.3,69
Developed,924.5653683,68,0,93,93,3997.25624,19.5,7
Developed,8342.405764,597,0,95,95,38426.5581,19.7,72
Developing,0,0,2,99,98,295.966488,11.7,145
Developing,473.1238124,0,3,99,98,1975.46477,11.6,148
Developing,366.4841804,0,3,99,98,1847.19849,11.5,157
Developing,334.8174246,0,3,99,98,1792.3845,11.5,157
Developing,321.6132593,0,3,99,98,1682.957924,11.5,147
Developing,0,7693,87,65,65,358.99731,5.4,22
Developing,3.304039899,1142,88,67,68,43.646498,5.3,223
Developing,31.50243237,1224,89,56,67,416.14838,5.3,227
Developing,29.75517982,272,90,71,71,391.515524,5.1,232
Developing,32.22493445,771,93,4,75,375.5819866,4.8,241
Developing,0,12423,747,49,49,2655.157977,10,344
Developing,263.2111031,6855,759,49,49,3221.678128,10,362
Developing,194.2032879,52852,773,46,46,2996.96432,9.8,367
Developing,204.7186256,6447,788,42,42,2755.297787,9.7,374
Developing,187.5733187,18843,802,48,48,2527.9423,9.6,375
Developed,0,14,0,95,95,7455.24654,17.7,59
Developed,177.6382878,3,0,93,93,975.49856,17.7,61
Developed,234.782883,8,0,94,94,1291.435,17.5,62
Developed,2094.19096,4,0,95,95,11563.727,17.6,61
Developed,277.3550522,39,0,94,94,1574.9861,17.6,67
Developing,0,0,1,99,99,16627.36433,13.7,99
Developing,166.1913728,0,1,99,99,2458.45226,13.7,11
Developing,1154.893473,0,1,99,98,21268.7564,13.7,12
Developing,1055.835493,13,1,99,98,22134.916,13.7,14
Developing,158.27708,5,1,99,99,2986.36,13.6,15
Developing,0,386,433,72,72,1431.244865,8.1,161
Developing,62.29361092,1370,442,72,72,1316.98966,7.8,162
Developing,60.18648815,8749,450,72,72,1272.44161,7.7,163
Developing,59.65900139,8046,456,72,72,1261.28967,7.6,165
Developing,57.87736282,4386,459,75,74,1226.215314,7.5,167
Developing,0,0,1,72,73,13134.4367,13,118
Developing,1842.463782,0,1,8,8,12593.7374,13,119
Developing,1694.467075,0,1,81,8,11685.97983,12.9,118
Developing,201.7490628,0,1,87,85,1589.82713,12.8,12
Developing,119.2124275,4,1,91,87,927.723171,12.9,121
Developing,208.2311603,2299,13,64,73,2182.716565,10,278
Developing,25.70881695,12,13,8,79,229.95364,10,281
Developing,31.6357652,0,13,81,74,271.318741,9.9,284
Developing,23.40731286,0,13,69,72,177.867119,9.9,285
Developing,0,0,3,89,93,419.367724,12.3,146
Developing,561.7684701,0,3,83,87,4712.822736,12.3,147
Developing,573.4346982,0,3,8,86,4479.95858,12.3,148
Developing,441.8446244,0,3,83,87,3855.537735,12.3,148
Developing,472.1932825,0,3,84,89,3988.11894,12.3,15
Developing,0,4,10,88,9,63.343259,13.4,123
Developing,973.728675,0,10,78,88,6491.5245,13.4,125
Developing,946.6521165,0,11,71,88,6583.116248,13.4,125
Developing,759.5380695,0,12,91,91,5771.565878,13.4,133
Developing,0,619,66,79,6,2878.33837,11.7,211
Developing,31.27232188,58848,68,77,67,2842.938353,11.7,214
Developing,24.58973399,2920,69,84,89,276.289146,11.7,219
Developing,212.7418488,1536,71,88,88,2581.818554,11.6,217
Developing,191.4949779,6538,72,87,87,2352.518156,11.5,218
Developed,0,0,2,92,98,12565.9876,16.4,117
Developed,243.808475,0,2,94,98,14341.675,16.4,12
Developed,23.43533487,84,2,95,99,1378.54911,15.4,12
Developed,250.0773782,0,2,96,99,13893.18768,15.4,128
Developed,0,8,0,98,98,1922.681,16.6,76
Developed,271.2545531,0,0,98,98,2277.53613,16.8,78
Developed,2698.01817,1,0,98,98,21618.73534,16.3,79
Developed,331.457035,23,0,98,98,2577.4264,16.3,81
Developed,3108.288623,2,0,97,97,23196.18375,16.2,85
Developing,0,18,0,99,99,66346.52267,13.4,68
Developing,5063.513104,46,0,99,89,86852.7119,13.4,69
Developing,515.0734795,73,0,99,97,8834.87958,13.4,7
Developing,5163.32918,160,0,93,92,88564.82298,13.4,72
Developing,4409.17067,101,0,92,93,85948.746,12.4,74
Developed,0,4,2,89,89,8958.788593,14.7,133
Developed,1.576409172,59,2,94,94,12.27733,14.7,135
Developed,1230.748231,1159,2,88,92,9585.266593,14.7,138
Developed,1078.358105,7450,2,92,91,8558.39766,15.3,138
Developed,10.32588862,4189,2,89,89,92.277825,15.7,139
Developing,0,843,15,97,97,9329.298351,15,222
Developing,1340.553699,4711,15,97,97,14125.961,14.9,225
Developing,1529.497771,2339,16,98,97,15543.67653,14.6,229
Developing,178.8225911,2123,16,98,97,15154.45687,14.3,237
Developing,184.764931,629,17,97,97,14212.687,14,242
Developing,0,1,15,99,98,71.348397,10.8,227
Developing,7.549797238,10,16,98,98,76.5699517,10.8,23
Developing,11.71090655,17,17,98,98,688.8768557,10.8,233
Developing,9.774676411,75,18,98,98,678.796973,10.5,239
Developing,9.074569426,31,20,93,97,617.317648,10.2,247
Developing,0,0,0,61,66,4149.363444,12.9,125
Developing,660.2777923,0,0,58,63,4178.973369,12.9,128
Developing,698.3522786,0,0,62,67,4219.65123,12.9,131
Developing,492.0552263,1,0,62,64,4234.554443,12.9,136
Developing,558.7206486,0,0,6,65,3942.9827,12.9,139
Developing,0,0,0,96,96,1624.63963,11.2,19
Developing,225.7307751,0,0,95,95,1821.878734,11.1,191
Developing,200.6600988,0,0,97,97,1619.532678,11,192
Developing,8.198047581,0,0,96,96,138.949959,10.8,194
Developing,7.495401346,0,0,96,96,134.326189,10.6,198
Developing,0,219,8,97,98,2732.86172,16.1,88
Developing,2017.643131,154,9,98,98,24575.434,15.8,88
Developing,2047.113102,1164,9,98,98,24934.38614,15.2,89
Developing,196.3808305,294,9,98,98,2533.9462,14.5,9
Developing,173.5755595,362,9,98,98,2377.74739,13.9,92
Developing,0,58,26,85,89,98.7256145,9.5,188
Developing,12.80528533,32,27,85,89,152.443873,9.1,192
Developing,11.8385319,17,28,89,92,148.912351,8.7,196
Developing,10.20659464,46,29,83,91,136.4518,8.3,2
Developing,1.431051664,18,31,89,92,18.25321,7.9,26
Developing,0,383,1,95,95,5237.255334,14.4,121
Developing,8.617208431,37,1,93,93,62.173221,14.3,123
Developing,880.6403367,1,1,97,95,6353.826383,14.1,122
Developing,742.5109709,0,1,93,91,5659.3824,14,126
Developing,915.3190791,370,1,94,94,6423.291783,13.5,127
Developing,0,0,0,97,97,1539.464,14.1,168
Developing,151.1045552,0,0,99,99,1557.77892,13.2,17
Developing,1521.672751,0,0,98,98,15687.34795,13.5,172
Developing,177.2633961,0,0,98,98,12845.17363,13.5,174
Developing,1121.475547,0,0,99,99,12189.9516,13.3,177
Developing,0,607,30,86,86,587.538233,9.5,413
Developing,1.443286353,1006,32,83,83,78.4394757,9.5,463
Developing,1.321464076,15,33,92,92,71.8186998,9.3,47
Developing,54.56033696,678,35,91,91,561.8984239,9.1,411
Developing,54.6659175,1865,38,88,89,445.525,8.9,418
Developed,0,0,0,96,96,53629.73746,15.4,55
Developed,7971.646361,0,0,96,96,56336.7234,15.4,56
Developed,714.3441019,138,0,97,97,5629.18914,15.4,57
Developed,6041.858981,42,0,97,97,54431.16199,15.4,59
Developed,638.0001097,148,0,96,96,53166.67581,15.2,6
Developed,0,18,0,95,95,2729.86383,17.3,74
Developed,31.13492794,52,0,95,95,242.67286,17.6,76
Developed,259.7786785,1,0,95,95,2315.31799,16.8,78
Developed,3283.024864,2,0,96,96,22486.47167,16.8,81
Developed,3343.026219,22,0,96,96,24985.24827,17,84
Developing,0,0,0,99,98,1922.41388,9.6,177
Developing,3.718438799,0,0,94,88,29.652622,9.6,183
Developing,24.73328608,0,0,99,94,188.5159,9.5,182
Developing,247.9492284,0,0,99,99,1858.689868,9.4,184
Developing,229.6687488,0,0,99,99,1642.837974,9.4,186
Developing,0,17,52,75,75,5769.77258,13,328
Developing,922.0507313,66,52,77,77,6479.625659,13,347
Developing,978.5905287,25,54,73,73,6876.953821,12.8,371
Developing,1089.954838,32,56,65,65,7548.163698,12.8,48
Developing,123.753335,92,58,69,69,849.954224,12.8,413
Developing,0,878,39,41,31,758.725782,4.9,332
Developing,46.0744686,441,39,44,39,1151.861715,4.9,343
Developing,47.44453,525,40,5,45,1186.11325,4.9,345
Developing,38.3382324,1952,40,64,59,958.45581,4.9,347
Developing,0,1256,41,66,61,176.9713,4.9,355
Developed,0,115,1,97,97,25683.84565,17.7,56
Developed,42.98847625,154,1,97,97,296.47225,17.6,58
Developed,423.680459,131,2,96,96,2921.9342,17.5,6
Developed,4255.781693,1204,2,97,97,28562.29324,17.2,61
Developed,4873.8188,3802,2,97,97,31834.21816,16.9,63
Developing,0,1568,3,99,99,3844.89123,14,138
Developing,42.7308283,1686,3,99,99,382.54994,14,141
Developing,41.62053588,2107,3,99,99,361.289374,13.8,142
Developing,20.76877311,51,4,99,99,335.521375,13.7,143
Developing,20.83302367,60,4,99,99,322.992615,13.6,141
Developing,0,3585,85,93,93,2513.884661,7.2,225
Developing,253.6086508,676,86,94,94,2176.89829,7.2,229
Developing,227.8353208,2813,88,93,93,1955.66799,7,232
Developing,220.522192,8523,89,92,92,1892.894352,6.8,235
Developing,196.6892153,5616,91,93,93,1666.857757,7,241
Developing,0,0,0,89,89,8818.982566,12.7,176
Developing,1132.432517,0,0,85,85,9564.46383,12.7,178
Developing,1122.972967,0,0,86,86,9484.56898,12.7,179
Developing,1168.324095,0,0,84,84,9272.413453,12.7,178
Developing,989.1263558,0,0,86,86,8318.97692,12.5,187
Developing,0,0,3,84,9,3136.92511,11.4,373
Developing,574.3895102,0,3,98,98,3464.35169,11.4,382
Developing,708.9556648,0,3,98,98,3598.75972,11.4,393
Developing,720.2333929,0,3,92,95,3851.51547,11.3,412
Developing,735.7090978,0,3,85,91,3934.27325,11.2,438
Developed,0,22,0,98,98,5585.25847,15.9,53
Developed,1142.212403,26,0,98,98,5918.19898,15.8,54
Developed,10947.02327,30,0,98,98,57134.777,15.8,57
Developed,11477.6671,26,0,98,98,59593.28711,16,58
Developed,0,35,0,97,97,8989.8424,16,49
Developed,19479.91161,23,0,96,96,85814.58857,15.9,51
Developed,19099.04506,175,0,96,96,84658.88768,15.8,52
Developed,18379.32974,61,0,96,96,83164.38795,15.7,54
Developed,18822.86732,621,0,96,96,87998.44468,15.6,55
Developing,0,3,11,96,96,918.6771543,11.3,161
Developing,7.829008596,0,11,94,97,114.45919,11.3,162
Developing,1.0419164,1,11,97,96,14.214412,11.2,163
Developing,71.50892145,16,12,96,94,954.725253,11.1,164
Developing,51.9919227,1,12,97,96,834.5412953,11.1,166
Developing,0,154,9,99,99,5814.863134,13.6,148
Developing,789.0772949,0,10,99,99,5941.8471,13.6,152
Developing,788.6873403,2641,10,99,99,6171.262444,13.6,153
Developing,801.0504655,5197,11,99,99,5859.915622,13.7,154
Developing,748.4451054,3156,11,99,99,5491.159981,13.3,155
Developing,0,43,2,75,76,1161.76935,12.5,152
Developing,28.14578503,47,2,76,77,1153.51578,12.5,155
Developing,3.379874844,4,2,82,82,117.765674,12.5,158
Developing,30.17998548,16,2,83,83,1117.77724,12.5,159
Developing,2.726570602,763,3,66,67,114.56179,12.5,161
Developing,0,20,20,88,88,551.138346,12,287
Developing,4.877350139,577,20,85,87,62.1318489,12,285
Developing,48.73047089,564,20,84,84,579.43485,12,287
Developing,41.60027954,238,21,84,84,563.6894247,12,294
Developing,39.08258546,187,21,85,85,562.3393592,11.5,34
Developing,0,0,0,8,78,493.775387,14.3,133
Developing,565.9672173,0,0,82,8,4192.349758,14.3,135
Developing,584.9449886,0,0,84,82,4266.557174,14.3,137
Developing,63.80294988,0,0,79,77,451.542462,14.4,138
Developing,7.033980828,0,0,84,82,445.18866,14.4,14
Developing,0,0,0,88,96,17321.83373,12.7,17
Developing,1578.872339,0,0,94,92,19325.24283,12.7,171
Developing,167.2657906,0,0,94,92,1967.83283,12.7,172
Developing,1486.236406,0,0,91,92,19152.531,12.6,174
Developing,144.9850711,0,0,91,9,1953.9767,12.6,176
Developing,0,16,3,98,98,3828.91589,14.6,1
Developing,604.8701316,15,3,98,98,4271.68172,14.7,12
Developing,594.6453102,16,3,98,98,4199.47253,14.7,13
Developing,585.8776761,48,3,97,97,4137.55421,14.6,13
Developing,623.2120325,11,3,98,98,4256.91279,14.5,13
Developing,0,342,18,97,97,1979.52569,14.5,16
Developing,181.9083783,565,19,96,96,12127.22522,14.5,17
Developing,20.75120211,349,22,97,97,1172.3843,14.3,112
Developing,1275.877569,111,23,97,97,11341.13395,13.8,114
Developing,0,0,7,99,99,6432.668768,10.8,215
Developing,691.1333535,0,8,98,98,7962.365824,10.8,217
Developing,63.7481117,0,8,98,98,734.42525,10.7,228
Developing,579.4128244,0,8,98,97,6675.262954,10.7,22
Developing,490.4181326,0,8,97,97,5649.978486,10.6,217
Developing,0,478,93,82,78,693.8963829,10,291
Developing,14.16770158,314,97,82,78,719.172669,10,38
Developing,90.76144414,7878,103,82,78,662.492293,10,325
Developing,92.88697859,2027,109,82,78,647.74741,10,339
Developing,94.49686776,3312,114,82,82,584.3962137,10.7,347
Developing,0,105,5,51,23,2124.662666,15.3,195
Developing,5.663849328,0,5,45,23,314.658296,15.2,23
Developing,52.42529588,0,5,72,76,429.71554,15.2,198
Developing,453.7830847,12746,5,72,76,3855.42128,15.1,25
Developing,415.1627705,1333,5,54,5,3569.75727,14.9,24
Developing,0,347,1,99,99,3911.74689,13.3,75
Developing,3862.68271,344,1,99,99,44449.7435,13.3,77
Developing,377.2009132,0,1,98,98,4335.64268,13.3,78
Developing,3663.764502,132,1,96,96,42112.23565,13.3,8
Developing,387.774991,0,1,95,95,4462.3129,13.3,81
Developing,0,0,0,95,95,15524.84247,15.5,116
Developing,463.6397821,0,0,95,95,16737.89827,15.5,117
Developing,482.8039445,0,0,94,94,16881.2568,15.5,117
Developing,339.7190493,0,0,95,95,1592.6819,15.5,118
Developing,417.9117441,0,1,95,95,14166.4998,15.5,111
Developing,0,22,17,99,99,2137.576852,12.1,184
Developing,0.442802404,8,18,99,99,25.448414,12.1,184
Developing,19.1624696,0,19,99,99,197.551233,12,185
Developing,16.71406295,0,21,99,99,174.468298,12,184
Developing,140.6905284,476,22,99,99,1564.966945,12,183
Developing,0,39,0,65,64,285.83414,10.8,13
Developing,564.8167043,10,0,65,64,3148.36513,10.8,134
Developing,447.545645,0,0,65,64,3167.34356,10.8,135
Developing,427.9885222,0,0,65,64,3158.58688,10.8,138
Developing,457.9731742,0,0,65,65,3275.91684,10.8,141
Developing,0,9,40,9,9,1313.889646,12.5,33
Developing,196.6675768,9,41,78,86,1738.8822,12.5,314
Developing,20.62306285,35,42,74,79,185.793359,12.5,328
Developing,196.9152496,896,43,7,78,1734.93612,12.3,349
Developing,183.0461695,13234,44,83,81,1644.619672,12,366
Developing,0,0,32,88,87,118.69383,10.3,336
Developing,10.82259524,0,34,92,91,127.47462,10.3,371
Developing,10.66670728,0,36,95,95,111.227396,10.4,399
Developing,92.60233636,0,39,95,95,955.648466,9.8,429
Developing,63.75053034,0,42,93,93,839.927936,10.1,464
Developing,885.9858185,0,11,94,95,6387.785281,13.4,129
Developed,230.040097,71,2,95,99,13145.1484,15.3,125
Developing,188.1440348,7405,20,98,98,12542.93565,14.4,19
Developed,1212.666327,51,0,98,98,6283.24522,15.8,57
Developed,3601.287457,3,0,96,96,22821.847,14.8,59
Developing,22.0945504,982,22,98,99,339.91616,11.2,14
Developing,1500.412635,1190,4,3,24,21557.6528,9.2,337
Developed,2159.756205,1,0,99,99,28951.15556,13.8,56
Developed,941.7562909,443,3,94,95,4792.65288,17,69
Developing,732.8662491,3000,0,86,86,5193.94932,14.2,89
